Room,Task,Phase 1 Monday,Phase 1 Tuesday,Phase 1 Wednesday,Phase 1 Thursday,Phase 1 Friday,Phase 2 Monday,Phase 2 Tuesday,Phase 2 Wednesday,Phase 2 Thursday,Phase 2 Friday,Phase 3 Monday,Phase 3 Tuesday,Phase 3 Wednesday,Phase 3 Thursday,Phase 3 Friday,Phase 4 Monday,Phase 4 Tuesday,Phase 4 Wednesday,Phase 4 Thursday,Phase 4 Friday,Phase 5 Monday,Phase 5 Tuesday,Phase 5 Wednesday,Phase 5 Thursday,Phase 5 Friday,Phase 6 Monday,Phase 6 Tuesday,Phase 6 Wednesday,Phase 6 Thursday,Phase 6 Friday,Phase 7 Monday,Phase 7 Tuesday,Phase 7 Wednesday,Phase 7 Thursday,Phase 7 Friday
Apartment,Approvals, neighbors, site rules,X,,,,,,,,,,,,,,,,,,,,,,,,,,,,,,,,
Apartment,Safety & assurance setup,X,,,,,,,,,,,,,,,,,,,,,,,,,,,,,,,,
Apartment,Verify building rules and renovation time windows,,X,,,,,,,,,,,,,,,,,,,,,,,,,,,,,,,
Apartment,Obtain building/HOA renovation approval,,,X,,,,,,,,,,,,,,,,,,,,,,,,,,,,,,,
Apartment,Check permits required (structural, gas, electrical),,,,X,,,,,,,,,,,,,,,,,,,,,,,,,,,,,,
Apartment,Notify neighbors about noisy works,X,,,,,,,,,,,,,,,,,,,,,,,,,,,,,,,,
Apartment,Install temporary protection inside apartment,,X,,,,,,,,,,,,,,,,,,,,,,,,,,,,,,,
Apartment,Protect common building areas (elevator, stairs, corridors),,,X,,,,,,,,,,,,,,,,,,,,,,,,,,,,,,,
Apartment,Arrange temporary construction utilities & welfare area,,,,X,,,,,,,,,,,,,,,,,,,,,,,,,,,,,,
Apartment,Place long-lead orders and track ROS dates,X,,,,,,,,,,,,,,,,,,,,,,,,,,,,,,,,
Apartment,Selective demolition and openings,X,,,,,,,,,,,,,,,,,,,,,,,,,,,,,,,,
Studio,Rough-in prep (layout marks),X,,,,,,,,,,,,,,,,,,,,,,,,,,,,,,,,
Kids Bedroom 1,Rough-in prep (layout marks),X,,,,,,,,,,,,,,,,,,,,,,,,,,,,,,,,
Kids Bedroom 2,Rough-in prep (layout marks),X,,,,,,,,,,,,,,,,,,,,,,,,,,,,,,,,
Master Bedroom,Rough-in prep (layout marks),X,,,,,,,,,,,,,,,,,,,,,,,,,,,,,,,,
Technical Room,MEP rough-in,,,,,X,,,,,,,,,,,,,,,,,,,,,,,,,,,,
Technical Room,Install gas boiler,,,,,X,,,,,,,,,,,,,,,,,,,,,,,,,,,,
Technical Room,Install heating manifolds,,,,,X,,,,,,,,,,,,,,,,,,,,,,,,,,,,
Main Bathroom,Rough-in and frames,,,,,X,,,,,,,,,,,,,,,,,,,,,,,,,,,,
Ensuite Bathroom,Rough-in and frames,,,,,X,,,,,,,,,,,,,,,,,,,,,,,,,,,,
Studio,MEP rough-in,,,,,X,,,,,,,,,,,,,,,,,,,,,,,,,,,,
Kids Bedroom 1,Rough-in,,,,,X,,,,,,,,,,,,,,,,,,,,,,,,,,,,
Kids Bedroom 2,Rough-in,,,,,X,,,,,,,,,,,,,,,,,,,,,,,,,,,,
Master Bedroom,Rough-in,,,,,X,,,,,,,,,,,,,,,,,,,,,,,,,,,,
Apartment,Prepare inspection calendar and bookings,,,,,,,,,X,,,,,,,,,,,,,,,,,,,,,,
Technical Room,Commission boiler and heating/hot water (initial),,,,,,,,,X,,,,,,,,,,,,,,,,,,,,,,
Studio,Surfaces ready,,,,,,,,,X,,,,,,,,,,,,,,,,,,,,,,
Kids Bedroom 1,Surfaces ready,,,,,,,,,X,,,,,,,,,,,,,,,,,,,,,,
Kids Bedroom 2,Surfaces ready,,,,,,,,,X,,,,,,,,,,,,,,,,,,,,,,
Master Bedroom,Surfaces ready,,,,,,,,,X,,,,,,,,,,,,,,,,,,,,,,
Main Bathroom,Waterproofing and flood test,,,,,,,,,,,X,,,,,,,,,,,,,,,,,,,,
Ensuite Bathroom,Waterproofing and flood test,,,,,,,,,,,X,,,,,,,,,,,,,,,,,,,,
Main Bathroom,Tiling and sanitaryware,,,,,,,,,,,X,,,,,,,,,,,,,,,,,,,,
Ensuite Bathroom,Tiling and sanitaryware,,,,,,,,,,,X,,,,,,,,,,,,,,,,,,,,
Studio,Flooring & skirting,,,,,,,,,,,,,X,,,,,,,,,,,,,,,,,,
Kids Bedroom 1,Flooring and joinery,,,,,,,,,,,,,X,,,,,,,,,,,,,,,,,,
Kids Bedroom 2,Flooring and joinery,,,,,,,,,,,,,X,,,,,,,,,,,,,,,,,,
Master Bedroom,Flooring and skirting,,,,,,,,,,,,,X,,,,,,,,,,,,,,,,,,
Closet,Joinery and flooring,,,,,,,,,,,,,X,,,,,,,,,,,,,,,,,,
Studio,Install kitchen and appliances (start templating),,,,,,,,,,,,,X,,,,,,,,,,,,,,,,,,
Studio,Painting and lighting,,,,,,,,,,,,,,,X,,,,,,,,,,,,,,,
Kids Bedroom 1,Surfaces and paint,,,,,,,,,,,,,,,X,,,,,,,,,,,,,,,
Kids Bedroom 2,Surfaces and paint,,,,,,,,,,,,,,,X,,,,,,,,,,,,,,,
Master Bedroom,Final electrical,,,,,,,,,,,,,,,X,,,,,,,,,,,,,,,
Main Bathroom,Finishes and accessories,,,,,,,,,,,,,,,X,,,,,,,,,,,,,,,
Main Bathroom,Final checks and ventilation,,,,,,,,,,,,,,,X,,,,,,,,,,,,,,,
Ensuite Bathroom,Finishes and ventilation,,,,,,,,,,,,,,,X,,,,,,,,,,,,,,,
Technical Room,Install washing machine,,,,,,,,,,,,,,,X,,,,,,,,,,,,,,,
Technical Room,Commission boiler and heating/hot water (final),,,,,,,,,,,,,,,X,,,,,,,,,,,,,,,
Apartment,Rough and intermediate cleaning,,,,,,,,,,,,,X,X,,,,,,,,,,,,,,,
Apartment,Compile closeout docs and handover plan,,,,,,,,,,,,,,,,,X,,,,,,,,,
All Rooms,Rolling punch and corrections,,,,,,,,,,,,,,,,,X,,,,,,,,,
Apartment,Final clean and walkthrough,,,,,,,,,,,,,,,,,X,,,,,,,,,
